USER_ID,USERNAME,TASK_COMPLETED_STATUS,TASK_TITLE
1,Patricia Lebsack,False,delectus aut autem
1,Patricia Lebsack,False,quis ut nam facilis et officia qui
1,Patricia Lebsack,False,fugiat veniam minus
1,Patricia Lebsack,True,et porro tempora
1,Patricia Lebsack,False,laboriosam mollitia et enim quasi adipisci quia provident illum
1,Patricia Lebsack,False,qui ullam ratione quibusdam voluptatem quia omnis
1,Patricia Lebsack,False,illo expedita consequatur quia in
1,Patricia Lebsack,True,quo adipisci enim quam ut ab
1,Patricia Lebsack,False,molestiae perspiciatis ipsa
1,Patricia Lebsack,True,illo est ratione doloremque quia maiores aut
1,Patricia Lebsack,True,vero rerum temporibus dolor
1,Patricia Lebsack,True,ipsa repellendus fugit nisi
1,Patricia Lebsack,False,et doloremque nulla
1,Patricia Lebsack,True,repellendus sunt dolores architecto voluptatum
1,Patricia Lebsack,True,ab voluptatum amet voluptas
1,Patricia Lebsack,True,accusamus eos facilis sint et aut voluptatem
1,Patricia Lebsack,True,quo laboriosam deleniti aut qui
1,Patricia Lebsack,False,dolorum est consequatur ea mollitia in culpa
1,Patricia Lebsack,True,molestiae ipsa aut voluptatibus pariatur dolor nihil
1,Patricia Lebsack,True,ullam nobis libero sapiente ad optio sint
2,Patricia Lebsack,False,suscipit repellat esse quibusdam voluptatem incidunt
2,Patricia Lebsack,True,distinctio vitae autem nihil ut molestias quo
2,Patricia Lebsack,False,et itaque necessitatibus maxime molestiae qui quas velit
2,Patricia Lebsack,False,adipisci non ad dicta qui amet quaerat doloribus ea
2,Patricia Lebsack,True,voluptas quo tenetur perspiciatis explicabo natus
2,Patricia Lebsack,True,aliquam aut quasi
2,Patricia Lebsack,True,veritatis pariatur delectus
2,Patricia Lebsack,False,nesciunt totam sit blanditiis sit
2,Patricia Lebsack,False,laborum aut in quam
2,Patricia Lebsack,True,nemo perspiciatis repellat ut dolor libero commodi blanditiis omnis
2,Patricia Lebsack,False,repudiandae totam in est sint facere fuga
2,Patricia Lebsack,False,earum doloribus ea doloremque quis
2,Patricia Lebsack,False,sint sit aut vero
2,Patricia Lebsack,False,porro aut necessitatibus eaque distinctio
2,Patricia Lebsack,True,repellendus veritatis molestias dicta incidunt
2,Patricia Lebsack,True,excepturi deleniti adipisci voluptatem et neque optio illum ad
2,Patricia Lebsack,False,sunt cum tempora
2,Patricia Lebsack,False,totam quia non
2,Patricia Lebsack,False,doloremque quibusdam asperiores libero corrupti illum qui omnis
2,Patricia Lebsack,True,totam atque quo nesciunt
3,Patricia Lebsack,False,aliquid amet impedit consequatur aspernatur placeat eaque fugiat suscipit
3,Patricia Lebsack,False,rerum perferendis error quia ut eveniet
3,Patricia Lebsack,True,tempore ut sint quis recusandae
3,Patricia Lebsack,True,cum debitis quis accusamus doloremque ipsa natus sapiente omnis
3,Patricia Lebsack,False,velit soluta adipisci molestias reiciendis harum
3,Patricia Lebsack,False,vel voluptatem repellat nihil placeat corporis
3,Patricia Lebsack,False,nam qui rerum fugiat accusamus
3,Patricia Lebsack,False,sit reprehenderit omnis quia
3,Patricia Lebsack,False,ut necessitatibus aut maiores debitis officia blanditiis velit et
3,Patricia Lebsack,True,cupiditate necessitatibus ullam aut quis dolor voluptate
3,Patricia Lebsack,False,distinctio exercitationem ab doloribus
3,Patricia Lebsack,False,nesciunt dolorum quis recusandae ad pariatur ratione
3,Patricia Lebsack,False,qui labore est occaecati recusandae aliquid quam
3,Patricia Lebsack,True,quis et est ut voluptate quam dolor
3,Patricia Lebsack,True,voluptatum omnis minima qui occaecati provident nulla voluptatem ratione
3,Patricia Lebsack,True,deleniti ea temporibus enim
3,Patricia Lebsack,False,pariatur et magnam ea doloribus similique voluptatem rerum quia
3,Patricia Lebsack,False,est dicta totam qui explicabo doloribus qui dignissimos
3,Patricia Lebsack,False,perspiciatis velit id laborum placeat iusto et aliquam odio
3,Patricia Lebsack,True,et sequi qui architecto ut adipisci
4,Patricia Lebsack,True,odit optio omnis qui sunt
4,Patricia Lebsack,False,et placeat et tempore aspernatur sint numquam
4,Patricia Lebsack,True,doloremque aut dolores quidem fuga qui nulla
4,Patricia Lebsack,False,voluptas consequatur qui ut quia magnam nemo esse
4,Patricia Lebsack,False,fugiat pariatur ratione ut asperiores necessitatibus magni
4,Patricia Lebsack,False,rerum eum molestias autem voluptatum sit optio
4,Patricia Lebsack,False,quia voluptatibus voluptatem quos similique maiores repellat
4,Patricia Lebsack,False,aut id perspiciatis voluptatem iusto
4,Patricia Lebsack,False,doloribus sint dolorum ab adipisci itaque dignissimos aliquam suscipit
4,Patricia Lebsack,False,ut sequi accusantium et mollitia delectus sunt
4,Patricia Lebsack,False,aut velit saepe ullam
4,Patricia Lebsack,False,praesentium facilis facere quis harum voluptatibus voluptatem eum
4,Patricia Lebsack,True,sint amet quia totam corporis qui exercitationem commodi
4,Patricia Lebsack,False,expedita tempore nobis eveniet laborum maiores
4,Patricia Lebsack,False,occaecati adipisci est possimus totam
4,Patricia Lebsack,True,sequi dolorem sed
4,Patricia Lebsack,False,maiores aut nesciunt delectus exercitationem vel assumenda eligendi at
4,Patricia Lebsack,False,reiciendis est magnam amet nemo iste recusandae impedit quaerat
4,Patricia Lebsack,True,eum ipsa maxime ut
4,Patricia Lebsack,True,tempore molestias dolores rerum sequi voluptates ipsum consequatur
5,Patricia Lebsack,True,suscipit qui totam
5,Patricia Lebsack,False,voluptates eum voluptas et dicta
5,Patricia Lebsack,True,quidem at rerum quis ex aut sit quam
5,Patricia Lebsack,False,sunt veritatis ut voluptate
5,Patricia Lebsack,True,et quia ad iste a
5,Patricia Lebsack,True,incidunt ut saepe autem
5,Patricia Lebsack,True,laudantium quae eligendi consequatur quia et vero autem
5,Patricia Lebsack,False,vitae aut excepturi laboriosam sint aliquam et et accusantium
5,Patricia Lebsack,True,sequi ut omnis et
5,Patricia Lebsack,True,molestiae nisi accusantium tenetur dolorem et
5,Patricia Lebsack,True,nulla quis consequatur saepe qui id expedita
5,Patricia Lebsack,True,in omnis laboriosam
5,Patricia Lebsack,True,odio iure consequatur molestiae quibusdam necessitatibus quia sint
5,Patricia Lebsack,False,facilis modi saepe mollitia
5,Patricia Lebsack,True,vel nihil et molestiae iusto assumenda nemo quo ut
5,Patricia Lebsack,False,nobis suscipit ducimus enim asperiores voluptas
5,Patricia Lebsack,False,dolorum laboriosam eos qui iure aliquam
5,Patricia Lebsack,True,debitis accusantium ut quo facilis nihil quis sapiente necessitatibus
5,Patricia Lebsack,False,neque voluptates ratione
5,Patricia Lebsack,False,excepturi a et neque qui expedita vel voluptate
6,Patricia Lebsack,False,explicabo enim cumque porro aperiam occaecati minima
6,Patricia Lebsack,False,sed ab consequatur
6,Patricia Lebsack,False,non sunt delectus illo nulla tenetur enim omnis
6,Patricia Lebsack,False,excepturi non laudantium quo
6,Patricia Lebsack,True,totam quia dolorem et illum repellat voluptas optio
6,Patricia Lebsack,True,ad illo quis voluptatem temporibus
6,Patricia Lebsack,False,praesentium facilis omnis laudantium fugit ad iusto nihil nesciunt
6,Patricia Lebsack,True,a eos eaque nihil et exercitationem incidunt delectus
6,Patricia Lebsack,True,autem temporibus harum quisquam in culpa
6,Patricia Lebsack,True,aut aut ea corporis
6,Patricia Lebsack,False,magni accusantium labore et id quis provident
6,Patricia Lebsack,False,consectetur impedit quisquam qui deserunt non rerum consequuntur eius
6,Patricia Lebsack,False,quia atque aliquam sunt impedit voluptatum rerum assumenda nisi
6,Patricia Lebsack,False,cupiditate quos possimus corporis quisquam exercitationem beatae
6,Patricia Lebsack,False,sed et ea eum
6,Patricia Lebsack,True,ipsa dolores vel facilis ut
6,Patricia Lebsack,False,sequi quae est et qui qui eveniet asperiores
6,Patricia Lebsack,False,quia modi consequatur vero fugiat
6,Patricia Lebsack,False,corporis ducimus ea perspiciatis iste
6,Patricia Lebsack,False,dolorem laboriosam vel voluptas et aliquam quasi
7,Patricia Lebsack,True,inventore aut nihil minima laudantium hic qui omnis
7,Patricia Lebsack,True,provident aut nobis culpa
7,Patricia Lebsack,False,esse et quis iste est earum aut impedit
7,Patricia Lebsack,False,qui consectetur id
7,Patricia Lebsack,False,aut quasi autem iste tempore illum possimus
7,Patricia Lebsack,True,ut asperiores perspiciatis veniam ipsum rerum saepe
7,Patricia Lebsack,True,voluptatem libero consectetur rerum ut
7,Patricia Lebsack,False,eius omnis est qui voluptatem autem
7,Patricia Lebsack,False,rerum culpa quis harum
7,Patricia Lebsack,True,nulla aliquid eveniet harum laborum libero alias ut unde
7,Patricia Lebsack,False,qui ea incidunt quis
7,Patricia Lebsack,True,qui molestiae voluptatibus velit iure harum quisquam
7,Patricia Lebsack,True,et labore eos enim rerum consequatur sunt
7,Patricia Lebsack,False,molestiae doloribus et laborum quod ea
7,Patricia Lebsack,False,facere ipsa nam eum voluptates reiciendis vero qui
7,Patricia Lebsack,False,asperiores illo tempora fuga sed ut quasi adipisci
7,Patricia Lebsack,False,qui sit non
7,Patricia Lebsack,True,placeat minima consequatur rem qui ut
7,Patricia Lebsack,False,consequatur doloribus id possimus voluptas a voluptatem
7,Patricia Lebsack,True,aut consectetur in blanditiis deserunt quia sed laboriosam
8,Patricia Lebsack,True,explicabo consectetur debitis voluptates quas quae culpa rerum non
8,Patricia Lebsack,True,maiores accusantium architecto necessitatibus reiciendis ea aut
8,Patricia Lebsack,False,eum non recusandae cupiditate animi
8,Patricia Lebsack,False,ut eum exercitationem sint
8,Patricia Lebsack,False,beatae qui ullam incidunt voluptatem non nisi aliquam
8,Patricia Lebsack,True,molestiae suscipit ratione nihil odio libero impedit vero totam
8,Patricia Lebsack,True,eum itaque quod reprehenderit et facilis dolor autem ut
8,Patricia Lebsack,False,esse quas et quo quasi exercitationem
8,Patricia Lebsack,False,animi voluptas quod perferendis est
8,Patricia Lebsack,False,eos amet tempore laudantium fugit a
8,Patricia Lebsack,True,accusamus adipisci dicta qui quo ea explicabo sed vero
8,Patricia Lebsack,False,odit eligendi recusandae doloremque cumque non
8,Patricia Lebsack,False,ea aperiam consequatur qui repellat eos
8,Patricia Lebsack,True,rerum non ex sapiente
8,Patricia Lebsack,True,voluptatem nobis consequatur et assumenda magnam
8,Patricia Lebsack,True,nam quia quia nulla repellat assumenda quibusdam sit nobis
8,Patricia Lebsack,True,dolorem veniam quisquam deserunt repellendus
8,Patricia Lebsack,True,debitis vitae delectus et harum accusamus aut deleniti a
8,Patricia Lebsack,True,debitis adipisci quibusdam aliquam sed dolore ea praesentium nobis
8,Patricia Lebsack,False,et praesentium aliquam est
9,Patricia Lebsack,True,ex hic consequuntur earum omnis alias ut occaecati culpa
9,Patricia Lebsack,True,omnis laboriosam molestias animi sunt dolore
9,Patricia Lebsack,False,natus corrupti maxime laudantium et voluptatem laboriosam odit
9,Patricia Lebsack,False,reprehenderit quos aut aut consequatur est sed
9,Patricia Lebsack,False,fugiat perferendis sed aut quidem
9,Patricia Lebsack,False,quos quo possimus suscipit minima ut
9,Patricia Lebsack,False,et quis minus quo a asperiores molestiae
9,Patricia Lebsack,False,recusandae quia qui sunt libero
9,Patricia Lebsack,True,ea odio perferendis officiis
9,Patricia Lebsack,False,quisquam aliquam quia doloribus aut
9,Patricia Lebsack,True,fugiat aut voluptatibus corrupti deleniti velit iste odio
9,Patricia Lebsack,False,et provident amet rerum consectetur et voluptatum
9,Patricia Lebsack,False,harum ad aperiam quis
9,Patricia Lebsack,False,similique aut quo
9,Patricia Lebsack,True,laudantium eius officia perferendis provident perspiciatis asperiores
9,Patricia Lebsack,False,magni soluta corrupti ut maiores rem quidem
9,Patricia Lebsack,False,et placeat temporibus voluptas est tempora quos quibusdam
9,Patricia Lebsack,True,nesciunt itaque commodi tempore
9,Patricia Lebsack,True,omnis consequuntur cupiditate impedit itaque ipsam quo
9,Patricia Lebsack,True,debitis nisi et dolorem repellat et
10,Patricia Lebsack,False,ut cupiditate sequi aliquam fuga maiores
10,Patricia Lebsack,True,inventore saepe cumque et aut illum enim
10,Patricia Lebsack,True,omnis nulla eum aliquam distinctio
10,Patricia Lebsack,False,molestias modi perferendis perspiciatis
10,Patricia Lebsack,False,voluptates dignissimos sed doloribus animi quaerat aut
10,Patricia Lebsack,False,explicabo odio est et
10,Patricia Lebsack,False,consequuntur animi possimus
10,Patricia Lebsack,True,vel non beatae est
10,Patricia Lebsack,True,culpa eius et voluptatem et
10,Patricia Lebsack,True,accusamus sint iusto et voluptatem exercitationem
10,Patricia Lebsack,True,temporibus atque distinctio omnis eius impedit tempore molestias pariatur
10,Patricia Lebsack,False,ut quas possimus exercitationem sint voluptates
10,Patricia Lebsack,True,rerum debitis voluptatem qui eveniet tempora distinctio a
10,Patricia Lebsack,False,sed ut vero sit molestiae
10,Patricia Lebsack,True,rerum ex veniam mollitia voluptatibus pariatur
10,Patricia Lebsack,True,consequuntur aut ut fugit similique
10,Patricia Lebsack,True,dignissimos quo nobis earum saepe
10,Patricia Lebsack,True,quis eius est sint explicabo
10,Patricia Lebsack,True,numquam repellendus a magnam
10,Patricia Lebsack,False,ipsam aperiam voluptates qui
